Workbook

Sheet DefaultMode
A1: CONN.ROI | B1: Parcel | C1: Label | D1: Proportion
A2: MPFC | B2: 1 | C2: =VLOOKUP(B2,Labels!$A$2:$B$161,2,FALSE) -> vmPFC | D2: 0.425
A3: MPFC | B3: 7 | C3: =VLOOKUP(B3,Labels!$A$2:$B$161,2,FALSE) -> vmPFC | D3: 0.3
A4: MPFC | B4: 13 | C4: =VLOOKUP(B4,Labels!$A$2:$B$161,2,FALSE) -> vmPFC | D4: 0.15
A5: MPFC | B5: 6 | C5: =VLOOKUP(B5,Labels!$A$2:$B$161,2,FALSE) -> vmPFC | D5: 0.125
A6: LP_L | B6: 146 | C6: =VLOOKUP(B6,Labels!$A$2:$B$161,2,FALSE) -> occipital | D6: 0.6552
A7: LP_L | B7: 134 | C7: =VLOOKUP(B7,Labels!$A$2:$B$161,2,FALSE) -> IPS | D7: 0.3103
A8: LP_L | B8: 142 | C8: =VLOOKUP(B8,Labels!$A$2:$B$161,2,FALSE) -> occipital | D8: 0.0345
A9: LP_R | B9: 137 | C9: =VLOOKUP(B9,Labels!$A$2:$B$161,2,FALSE) -> occipital | D9: 0.6786
A10: LP_R | B10: 117 | C10: =VLOOKUP(B10,Labels!$A$2:$B$161,2,FALSE) -> angular gyrus | D10: 0.3214
A11: PCC | B11: 105 | C11: =VLOOKUP(B11,Labels!$A$2:$B$161,2,FALSE) -> precuneus | D11: 0.152
A12: PCC | B12: 111 | C12: =VLOOKUP(B12,Labels!$A$2:$B$161,2,FALSE) -> post cingulate | D12: 0.144
A13: PCC | B13: 115 | C13: =VLOOKUP(B13,Labels!$A$2:$B$161,2,FALSE) -> post cingulate | D13: 0.144
... A22: PCC | B22: 223 | C22: =VLOOKUP(B22,Labels!$A$2:$B$161,2,FALSE) -> #N/A | D22: 0.008

Sheet DorsalAttention
A1: CONN.ROI | B1: Parcel | C1: Label | D1: Proportion
A2: FEF_L | B2: 50 | C2: =VLOOKUP(B2,Labels!$A$2:$B$161,2,FALSE) -> parietal | D2: 1
A3: FEF_R | B3: 69 | C3: =VLOOKUP(B3,Labels!$A$2:$B$161,2,FALSE) -> parietal | D3: 1
A4: IPS_L | B4: 88 | C4: =VLOOKUP(B4,Labels!$A$2:$B$161,2,FALSE) -> IPL | D4: 0.3115
A5: IPS_L | B5: 99 | C5: =VLOOKUP(B5,Labels!$A$2:$B$161,2,FALSE) -> post parietal | D5: 0.2951
A6: IPS_L | B6: 66 | C6: =VLOOKUP(B6,Labels!$A$2:$B$161,2,FALSE) -> parietal | D6: 0.1967
A7: IPS_L | B7: 79 | C7: =VLOOKUP(B7,Labels!$A$2:$B$161,2,FALSE) -> post parietal | D7: 0.1967
A8: IPS_R | B8: 86 | C8: =VLOOKUP(B8,Labels!$A$2:$B$161,2,FALSE) -> sup parietal | D8: 0.7857
A9: IPS_R | B9: 65 | C9: =VLOOKUP(B9,Labels!$A$2:$B$161,2,FALSE) -> parietal | D9: 0.2143

Sheet FrontoParietal
A1: CONN.ROI | B1: Parcel | C1: Label | D1: Proportion
A2: LPFC_L | B2: 10 | C2: =VLOOKUP(B2,Labels!$A$2:$B$161,2,FALSE) -> vent aPFC | D2: 0.5333
A3: LPFC_L | B3: 24 | C3: =VLOOKUP(B3,Labels!$A$2:$B$161,2,FALSE) -> dlPFC | D3: 0.4
A4: LPFC_L | B4: 3 | C4: =VLOOKUP(B4,Labels!$A$2:$B$161,2,FALSE) -> aPFC | D4: 0.0333
A5: LPFC_L | B5: 23 | C5: =VLOOKUP(B5,Labels!$A$2:$B$161,2,FALSE) -> vPFC | D5: 0.0333
A6: PPC_L | B6: 101 | C6: =VLOOKUP(B6,Labels!$A$2:$B$161,2,FALSE) -> IPL | D6: 0.6
A7: PPC_L | B7: 104 | C7: =VLOOKUP(B7,Labels!$A$2:$B$161,2,FALSE) -> IPL | D7: 0.36
A8: PPC_L | B8: 124 | C8: =VLOOKUP(B8,Labels!$A$2:$B$161,2,FALSE) -> angular gyrus | D8: 0.04
A9: LPFC_R | B9: 2 | C9: =VLOOKUP(B9,Labels!$A$2:$B$161,2,FALSE) -> aPFC | D9: 0.4667
A10: LPFC_R | B10: 9 | C10: =VLOOKUP(B10,Labels!$A$2:$B$161,2,FALSE) -> vent aPFC | D10: 0.4
A11: LPFC_R | B11: 16 | C11: =VLOOKUP(B11,Labels!$A$2:$B$161,2,FALSE) -> dlPFC | D11: 0.1333
A12: PPC_R | B12: 96 | C12: =VLOOKUP(B12,Labels!$A$2:$B$161,2,FALSE) -> IPL | D12: 0.6129
A13: PPC_R | B13: 107 | C13: =VLOOKUP(B13,Labels!$A$2:$B$161,2,FALSE) -> IPL | D13: 0.3871

Sheet Language
A1: CONN.ROI | B1: Parcel | C1: Label | D1: Proportion
A2: IFG_L | B2: 23 | C2: =VLOOKUP(B2,Labels!$A$2:$B$161,2,FALSE) -> vPFC | D2: 1
A3: IFG_R | B3: 25 | C3: =VLOOKUP(B3,Labels!$A$2:$B$161,2,FALSE) -> vFC | D3: 1
A4: pSTG_L | B4: 97 | C4: =VLOOKUP(B4,Labels!$A$2:$B$161,2,FALSE) -> parietal | D4: 0.322
A5: pSTG_L | B5: 103 | C5: =VLOOKUP(B5,Labels!$A$2:$B$161,2,FALSE) -> temporal | D5: 0.322
A6: pSTG_L | B6: 125 | C6: =VLOOKUP(B6,Labels!$A$2:$B$161,2,FALSE) -> TPJ | D6: 0.1864
A7: pSTG_L | B7: 91 | C7: =VLOOKUP(B7,Labels!$A$2:$B$161,2,FALSE) -> inf temporal | D7: 0.1017
A8: pSTG_L | B8: 104 | C8: =VLOOKUP(B8,Labels!$A$2:$B$161,2,FALSE) -> IPL | D8: 0.0678
A9: pSTG_R | B9: 89 | C9: =VLOOKUP(B9,Labels!$A$2:$B$161,2,FALSE) -> parietal | D9: 0.7917
A10: pSTG_R | B10: 78 | C10: =VLOOKUP(B10,Labels!$A$2:$B$161,2,FALSE) -> temporal | D10: 0.125
A11: pSTG_R | B11: 63 | C11: =VLOOKUP(B11,Labels!$A$2:$B$161,2,FALSE) -> inf temporal | D11: 0.0833

Sheet Salience
A1: CONN.ROI | B1: Parcel | C1: Label | D1: Proportion
A2: ACC | B2: 19 | C2: =VLOOKUP(B2,Labels!$A$2:$B$161,2,FALSE) -> ACC | D2: 0.2533
A3: ACC | B3: 31 | C3: =VLOOKUP(B3,Labels!$A$2:$B$161,2,FALSE) -> mFC | D3: 0.2533
A4: ACC | B4: 30 | C4: =VLOOKUP(B4,Labels!$A$2:$B$161,2,FALSE) -> basal ganglia | D4: 0.2
A5: ACC | B5: 21 | C5: =VLOOKUP(B5,Labels!$A$2:$B$161,2,FALSE) -> ACC | D5: 0.16
A6: ACC | B6: 27 | C6: =VLOOKUP(B6,Labels!$A$2:$B$161,2,FALSE) -> dACC | D6: 0.1333
A7: AInsula_L | B7: 28 | C7: =VLOOKUP(B7,Labels!$A$2:$B$161,2,FALSE) -> ant insula | D7: 0.5238
A8: AInsula_L | B8: 40 | C8: =VLOOKUP(B8,Labels!$A$2:$B$161,2,FALSE) -> vFC | D8: 0.4762
A9: AInsula_R | B9: 26 | C9: =VLOOKUP(B9,Labels!$A$2:$B$161,2,FALSE) -> ant insula | D9: 1
A10: RPFC_L | B10: 5 | C10: =VLOOKUP(B10,Labels!$A$2:$B$161,2,FALSE) -> aPFC | D10: 0.9286
A11: RPFC_L | B11: 3 | C11: =VLOOKUP(B11,Labels!$A$2:$B$161,2,FALSE) -> aPFC | D11: 0.0714
A12: RPFC_R | B12: 8 | C12: =VLOOKUP(B12,Labels!$A$2:$B$161,2,FALSE) -> aPFC | D12: 0.6552
A13: RPFC_R | B13: 2 | C13: =VLOOKUP(B13,Labels!$A$2:$B$161,2,FALSE) -> aPFC | D13: 0.1724
... A16: SMG_R | B16: 89 | C16: =VLOOKUP(B16,Labels!$A$2:$B$161,2,FALSE) -> parietal | D16: 1

Sheet SensoriMotor
A1: CONN.ROI | B1: Parcel | C1: Label | D1: Proportion
A2: Lateral_L | B2: 52 | C2: =VLOOKUP(B2,Labels!$A$2:$B$161,2,FALSE) -> precentral gyrus | D2: 0.1473
A3: Lateral_L | B3: 54 | C3: =VLOOKUP(B3,Labels!$A$2:$B$161,2,FALSE) -> parietal | D3: 0.1473
A4: Lateral_L | B4: 64 | C4: =VLOOKUP(B4,Labels!$A$2:$B$161,2,FALSE) -> parietal | D4: 0.1473
A5: Lateral_L | B5: 66 | C5: =VLOOKUP(B5,Labels!$A$2:$B$161,2,FALSE) -> parietal | D5: 0.1473
A6: Lateral_L | B6: 67 | C6: =VLOOKUP(B6,Labels!$A$2:$B$161,2,FALSE) -> precentral gyrus | D6: 0.124
A7: Lateral_L | B7: 68 | C7: =VLOOKUP(B7,Labels!$A$2:$B$161,2,FALSE) -> temporal | D7: 0.0853
A8: Lateral_L | B8: 62 | C8: =VLOOKUP(B8,Labels!$A$2:$B$161,2,FALSE) -> parietal | D8: 0.062
A9: Lateral_L | B9: 37 | C9: =VLOOKUP(B9,Labels!$A$2:$B$161,2,FALSE) -> vFC | D9: 0.0543
A10: Lateral_L | B10: 48 | C10: =VLOOKUP(B10,Labels!$A$2:$B$161,2,FALSE) -> mid insula | D10: 0.031
A11: Lateral_L | B11: 56 | C11: =VLOOKUP(B11,Labels!$A$2:$B$161,2,FALSE) -> mid insula | D11: 0.0233
A12: Lateral_L | B12: 79 | C12: =VLOOKUP(B12,Labels!$A$2:$B$161,2,FALSE) -> post parietal | D12: 0.0233
A13: Lateral_L | B13: 49 | C13: =VLOOKUP(B13,Labels!$A$2:$B$161,2,FALSE) -> precentral gyrus | D13: 0.0078
... A28: Superior | B28: 69 | C28: =VLOOKUP(B28,Labels!$A$2:$B$161,2,FALSE) -> parietal | D28: 0.0455

Sheet Visual
A1: CONN.ROI | B1: Parcel | C1: Label | D1: Proportion
A2: Medial | B2: 129 | C2: =VLOOKUP(B2,Labels!$A$2:$B$161,2,FALSE) -> occipital | D2: 0.1022
A3: Medial | B3: 147 | C3: =VLOOKUP(B3,Labels!$A$2:$B$161,2,FALSE) -> occipital | D3: 0.1022
A4: Medial | B4: 148 | C4: =VLOOKUP(B4,Labels!$A$2:$B$161,2,FALSE) -> occipital | D4: 0.1022
A5: Medial | B5: 152 | C5: =VLOOKUP(B5,Labels!$A$2:$B$161,2,FALSE) -> post occipital | D5: 0.1022
A6: Medial | B6: 158 | C6: =VLOOKUP(B6,Labels!$A$2:$B$161,2,FALSE) -> post occipital | D6: 0.1022
A7: Medial | B7: 160 | C7: =VLOOKUP(B7,Labels!$A$2:$B$161,2,FALSE) -> post occipital | D7: 0.1022
A8: Medial | B8: 133 | C8: =VLOOKUP(B8,Labels!$A$2:$B$161,2,FALSE) -> occipital | D8: 0.0968
A9: Medial | B9: 141 | C9: =VLOOKUP(B9,Labels!$A$2:$B$161,2,FALSE) -> occipital | D9: 0.0699
A10: Medial | B10: 143 | C10: =VLOOKUP(B10,Labels!$A$2:$B$161,2,FALSE) -> med cerebellum | D10: 0.0591
A11: Medial | B11: 106 | C11: =VLOOKUP(B11,Labels!$A$2:$B$161,2,FALSE) -> occipital | D11: 0.0484
A12: Medial | B12: 138 | C12: =VLOOKUP(B12,Labels!$A$2:$B$161,2,FALSE) -> med cerebellum | D12: 0.0484
A13: Medial | B13: 145 | C13: =VLOOKUP(B13,Labels!$A$2:$B$161,2,FALSE) -> occipital | D13: 0.0376
... A30: Lateral_R | B30: 154 | C30: =VLOOKUP(B30,Labels!$A$2:$B$161,2,FALSE) -> post occipital | D30: 0.0769

Sheet Labels
A1: # From Table S6 of Dosenbach et al. | B1: 2010. Prediction of individual brain maturity using fMRI.
A2: 1 | B2: vmPFC
A3: 2 | B3: aPFC
A4: 3 | B4: aPFC
A5: 4 | B5: mPFC
A6: 5 | B6: aPFC
A7: 6 | B7: vmPFC
A8: 7 | B8: vmPFC
A9: 8 | B9: aPFC
A10: 9 | B10: vent aPFC
A11: 10 | B11: vent aPFC
A12: 11 | B12: vmPFC
A13: 12 | B13: vlPFC
... A161: 160 | B161: post occipital
